loss,acc,f1_score,val_loss,val_acc,val_f1_score,lr
2.093352340861232,0.996625542640686,0.0008332413272000849,0.02017719137171904,0.9966185688972473,0.0009900127770379186,9.999999747378752e-05
1.9939936723891507,0.9966301918029785,0.000982615863904357,0.020192320893208184,0.9966186881065369,0.0009680319344624877,9.999999747378752e-05
1.981001130654783,0.9966300129890442,0.0010377863654866815,0.0201192531734705,0.9966186285018921,0.0010090806754305959,9.999999747378752e-05
1.9670776096765024,0.9966301918029785,0.0011066374136134982,0.019976684947808583,0.9966185688972473,0.0011782299261540174,9.999999747378752e-05
1.9419076937000925,0.9966302514076233,0.0012713600881397724,0.020006267788509526,0.9966186285018921,0.0011500330874696374,9.999999747378752e-05
1.9091962088323682,0.9966310262680054,0.0014919191598892212,0.020121589365104834,0.9966186285018921,0.0012263895478099585,9.999999747378752e-05
1.8599017407731395,0.9966310262680054,0.0018829029286280274,0.02019081755230824,0.9966185688972473,0.0012589091202244163,9.999999747378752e-05
1.7546596681262177,0.9966351389884949,0.0032275759149342775,0.02068773644665877,0.9966169595718384,0.0013795561389997602,9.999999747378752e-05
1.5886940962181821,0.996665894985199,0.006700396072119474,0.02152935756991307,0.9966136813163757,0.0014653372345492244,9.999999747378752e-05
1.2673281881344447,0.9967843890190125,0.01740332506597042,0.022686507490773996,0.9966068863868713,0.001651089289225638,4.999999873689376e-05
1.038727161465538,0.9969136714935303,0.027833782136440277,0.02321480425695578,0.9966106414794922,0.0016730736242607236,4.999999873689376e-05
0.9021975486963375,0.9970005750656128,0.03500160947442055,0.02436700283239285,0.9965869784355164,0.0019169928273186088,4.999999873689376e-05
0.7949615532911792,0.9970734715461731,0.040920354425907135,0.02378742800404628,0.9965985417366028,0.0018106249626725912,4.999999873689376e-05
0.7392645277544414,0.9971069097518921,0.04398142918944359,0.02442543227225542,0.9965811371803284,0.001836542272940278,4.999999873689376e-05
0.6656796100746646,0.9971259236335754,0.048202186822891235,0.024007395344475903,0.9965922832489014,0.0019739242270588875,2.499999936844688e-05
0.5692912923189438,0.9970819354057312,0.05267728120088577,0.025435911739865938,0.9965642690658569,0.0020353689324110746,2.499999936844688e-05
0.5450641501261532,0.9970742464065552,0.05363691225647926,0.025799480266869068,0.996562123298645,0.0020841395016759634,2.499999936844688e-05
0.5387213184480438,0.9970806837081909,0.05395754799246788,0.025702363935609658,0.9965554475784302,0.0021500936709344387,2.499999936844688e-05
0.5335957974190251,0.9970732927322388,0.05388458073139191,0.02532376746336619,0.9965721964836121,0.0020928357262164354,2.499999936844688e-05
0.5263022212401506,0.9970658421516418,0.054699622094631195,0.02570171778400739,0.9965636134147644,0.002159837633371353,1.249999968422344e-05
0.4911493860821825,0.9970096349716187,0.05627819150686264,0.027528265987833343,0.9965152740478516,0.0022093751467764378,1.249999968422344e-05
0.4819996909815756,0.9969974756240845,0.05710436403751373,0.028641616428891816,0.9964869022369385,0.002269210759550333,1.249999968422344e-05
0.48280295993721595,0.9970077872276306,0.05703362822532654,0.02845640027274688,0.9964857697486877,0.002267514355480671,1.249999968422344e-05
0.48708787632105666,0.9970181584358215,0.05636134743690491,0.027812762496372063,0.9965131878852844,0.002243411960080266,1.249999968422344e-05
0.48520852401551917,0.9970119595527649,0.05659227818250656,0.027980902045965195,0.9965006113052368,0.0022119255736470222,6.24999984211172e-06
0.4737476204848955,0.9969878196716309,0.05735692009329796,0.029369635693728923,0.9964566826820374,0.002332750242203474,6.24999984211172e-06
0.47149714451544034,0.9969882369041443,0.05754908546805382,0.029940515321989856,0.9964336156845093,0.002330841263756156,6.24999984211172e-06
0.47079286446255914,0.99698805809021,0.05770967900753021,0.030613717064261435,0.9964119791984558,0.002360680839046836,6.24999984211172e-06
0.47053918934564964,0.9969918131828308,0.05762726813554764,0.030945960618555545,0.9964024424552917,0.0022645150311291218,6.24999984211172e-06
0.46958511471643766,0.9969905614852905,0.057430967688560486,0.031219350049893062,0.996393084526062,0.0024282888043671846,3.12499992105586e-06
0.46814585414491716,0.99698805809021,0.05734339728951454,0.031530405208468434,0.99637770652771,0.0023395768366754055,3.12499992105586e-06
0.46767038064560235,0.996985912322998,0.05762694031000137,0.03185707461088896,0.9963671565055847,0.0023009132128208876,3.12499992105586e-06
0.46736688397080883,0.9969868659973145,0.057583656162023544,0.03206240391979615,0.9963540434837341,0.002337270649150014,3.12499992105586e-06
0.4672462584695642,0.9969882369041443,0.05746646597981453,0.03234346862882376,0.9963430762290955,0.0023149526678025723,3.12499992105586e-06
0.466656587607433,0.9969885945320129,0.05748990550637245,0.03252264373004436,0.9963429570198059,0.002400281373411417,1.56249996052793e-06
0.46643824116308075,0.9969865083694458,0.057994917035102844,0.0326757508640488,0.9963376522064209,0.0023448376450687647,1.56249996052793e-06
0.46635963283917176,0.9969853758811951,0.05763278156518936,0.03287163122246663,0.9963304400444031,0.0023641937877982855,1.56249996052793e-06
0.46629513129539646,0.996986448764801,0.05764120817184448,0.03303480849911769,0.9963282346725464,0.0022975546307861805,1.56249996052793e-06
0.4661864207400253,0.9969872832298279,0.057617247104644775,0.033102787906924884,0.9963262677192688,0.0022964258678257465,1.56249996052793e-06
0.4659320957975694,0.9969868659973145,0.05758250504732132,0.033275812740127246,0.9963240027427673,0.002337502548471093,7.81249980263965e-07
0.46590472560406654,0.9969852566719055,0.0576464906334877,0.033337684844930965,0.9963234663009644,0.0023792299907654524,7.81249980263965e-07
0.46586195075798503,0.9969874024391174,0.05767015367746353,0.033470304061969124,0.9963176846504211,0.0023684382904320955,7.81249980263965e-07
0.4658381481362259,0.9969863295555115,0.05762013792991638,0.03353484496474266,0.996316134929657,0.0024046560283750296,7.81249980263965e-07
0.4658169846437253,0.9969860911369324,0.05777616426348686,0.03360714875161648,0.996315062046051,0.002399451332166791,7.81249980263965e-07
0.465662299535592,0.996987521648407,0.058005448430776596,0.033595547825098035,0.9963129758834839,0.0024171804543584585,3.906249901319825e-07
0.46563237579188066,0.9969835877418518,0.05786895379424095,0.03367027509957552,0.9963113069534302,0.0023820982314646244,3.906249901319825e-07
0.4656257857147759,0.996982991695404,0.057779375463724136,0.03372958501180013,0.996311366558075,0.002396742347627878,3.906249901319825e-07
0.4656092520815633,0.9969858527183533,0.05766025558114052,0.033754828634361425,0.9963081479072571,0.002388344844803214,3.906249901319825e-07
0.4655948701731509,0.9969823360443115,0.057666826993227005,0.03384837508201599,0.9963023066520691,0.002337910234928131,3.906249901319825e-07
0.465506153601181,0.9969831109046936,0.05773814395070076,0.03387125271062056,0.9963079690933228,0.0023234374821186066,1.9531249506599124e-07
0.4655008556592211,0.9969831109046936,0.0576096810400486,0.03388519566506147,0.9963066577911377,0.0023770430125296116,1.9531249506599124e-07
0.4654972169755488,0.9969831705093384,0.05777774751186371,0.03387146815657616,0.9963045716285706,0.0023762849159538746,1.9531249506599124e-07
0.4654832407975954,0.996982991695404,0.05798589810729027,0.03395809655388196,0.9963034391403198,0.0024199921172112226,1.9531249506599124e-07
0.4654787069852989,0.9969831109046936,0.058202967047691345,0.03395225318769614,0.9963013529777527,0.0022882535122334957,1.9531249506599124e-07
0.46543332673955706,0.9969845414161682,0.0577692873775959,0.03399474943677584,0.9963007569313049,0.0023878817446529865,9.765624753299562e-08
0.46542899478190947,0.9969786405563354,0.05808909237384796,0.034027983372410135,0.9963014125823975,0.0024016948882490396,9.765624753299562e-08
0.4654215277862415,0.996982216835022,0.05783243104815483,0.033976601374646025,0.9962997436523438,0.0023308645468205214,9.765624753299562e-08
0.4654171863790771,0.9969823360443115,0.05795426294207573,0.034032575724025564,0.9962983131408691,0.00238144607283175,9.765624753299562e-08
0.46541196820369457,0.9969814419746399,0.0578286238014698,0.03409223792453607,0.9962970614433289,0.0024255088064819574,9.765624753299562e-08
0.4653922781481578,0.9969773292541504,0.05764717608690262,0.034101142858465515,0.9962974786758423,0.002343647414818406,4.882812376649781e-08
0.46539183611262364,0.9969784021377563,0.057622067630290985,0.03409664512922366,0.9962981939315796,0.0024040276184678078,4.882812376649781e-08
0.46538737163687616,0.9969812631607056,0.05769672244787216,0.0340869198863705,0.9962981939315796,0.0023651912342756987,4.882812376649781e-08
0.46538472894639965,0.9969803690910339,0.057683076709508896,0.03416305221617222,0.9962971210479736,0.002438176656141877,4.882812376649781e-08
0.46538406104283453,0.9969798922538757,0.05767212435603142,0.03415251796444257,0.9962955713272095,0.0024319523945450783,4.882812376649781e-08
0.46537198038723704,0.9969792366027832,0.05773084983229637,0.034141369412342706,0.9962950944900513,0.0024137182626873255,2.4414061883248905e-08
0.4653700633014706,0.996978223323822,0.05773606151342392,0.03412021143982808,0.9962950944900513,0.002375989453867078,2.4414061883248905e-08
0.46536915567720705,0.9969794750213623,0.05801275745034218,0.034126978864272434,0.9962945580482483,0.002386435866355896,2.4414061883248905e-08
0.4653678664561426,0.9969780445098877,0.05785401165485382,0.03419272415339947,0.9962950348854065,0.0023301444016397,2.4414061883248905e-08
0.4653664940876968,0.9969804286956787,0.058087434619665146,0.034207915018002195,0.9962940216064453,0.0023717125877738,2.4414061883248905e-08
0.46535979017581325,0.9969771504402161,0.057477500289678574,0.03415147513151169,0.9962940812110901,0.0024293954484164715,1.2207030941624453e-08
0.465359028828188,0.9969773292541504,0.05738193541765213,0.03416188973933458,0.9962933659553528,0.0023755014408379793,1.2207030941624453e-08
0.4653578222289506,0.9969776272773743,0.057727303355932236,0.03428102030108372,0.9962934851646423,0.002373245544731617,1.2207030941624453e-08
0.4653577490867094,0.9969764351844788,0.05763427913188934,0.034179196258385974,0.996293306350708,0.002371294656768441,1.2207030941624453e-08
0.4653566294091692,0.9969763159751892,0.05792195349931717,0.034134278632700445,0.9962934255599976,0.002404051600024104,1.2207030941624453e-08
0.46535335461033667,0.9969770908355713,0.057687342166900635,0.03420617946734031,0.9962934255599976,0.0024436558596789837,6.103515470812226e-09
0.46535294964075463,0.9969763159751892,0.05781455710530281,0.03413088768720627,0.9962934255599976,0.0023879571817815304,6.103515470812226e-09
0.46535221349358413,0.9969790577888489,0.05765828490257263,0.034134969611962634,0.9962933659553528,0.002351548057049513,6.103515470812226e-09
0.46535205576653166,0.9969784617424011,0.05780468508601189,0.034186619147658345,0.9962934851646423,0.0023593807127326727,6.103515470812226e-09
0.4653517781935108,0.9969781041145325,0.05782907456159592,0.03420400321483612,0.9962934851646423,0.002362185623496771,6.103515470812226e-09
0.4653497650960513,0.9969770312309265,0.05796009674668312,0.03422434292733669,0.9962936043739319,0.0024169511161744595,3.051757735406113e-09
0.4653495732452351,0.996976912021637,0.057855334132909775,0.034151343256235124,0.9962936043739319,0.002344886539503932,3.051757735406113e-09
0.46534945224226304,0.9969778656959534,0.05770491063594818,0.03417358615746101,0.9962933659553528,0.002407725667580962,3.051757735406113e-09
0.46534919479914477,0.9969775080680847,0.05776454135775566,0.03414539322257042,0.9962934255599976,0.002372005255892873,3.051757735406113e-09
0.46534903655242116,0.9969791769981384,0.05776539444923401,0.034164318814873695,0.9962933659553528,0.002333421027287841,3.051757735406113e-09
0.46534807052627364,0.9969788193702698,0.057481322437524796,0.03412314560264349,0.9962934851646423,0.002448644023388624,1.5258788677030566e-09
0.46534814831875443,0.9969779253005981,0.05745326727628708,0.034192449413239956,0.9962929487228394,0.002311015035957098,1.5258788677030566e-09
0.4653478305859406,0.9969770908355713,0.057841163128614426,0.03417793413003286,0.9962930083274841,0.0024380239192396402,1.5258788677030566e-09
0.46534781120580254,0.9969778060913086,0.05772074684500694,0.034231935255229475,0.9962928891181946,0.0023649598006159067,1.5258788677030566e-09
0.46534768774501484,0.9969768524169922,0.05801995098590851,0.034170403890311715,0.9962929487228394,0.0023114471696317196,1.5258788677030566e-09
0.4653471866643812,0.9969770312309265,0.05789833143353462,0.03413032367825508,0.9962928891181946,0.002402755431830883,7.629394338515283e-10
0.4653471455299597,0.9969778656959534,0.05749211460351944,0.034172115847468376,0.9962928891181946,0.0023317537270486355,7.629394338515283e-10
0.46534715699802304,0.9969770908355713,0.05790509283542633,0.03418284157911936,0.9962928295135498,0.002440956886857748,7.629394338515283e-10
0.465347150947613,0.9969765543937683,0.05789332464337349,0.03425421261539062,0.9962928891181946,0.0023742537014186382,7.629394338515283e-10
0.4653470716373003,0.996976912021637,0.0576946958899498,0.034152818967898686,0.9962928891181946,0.0024274722672998905,7.629394338515283e-10
0.4653468720796632,0.9969767332077026,0.05726645141839981,0.03412279573579629,0.9962929487228394,0.0024082818999886513,3.8146971692576415e-10
0.4653468528198012,0.9969768524169922,0.05765179172158241,0.03416922427713871,0.9962928891181946,0.002398284850642085,3.8146971692576415e-10
0.46534685120914754,0.9969771504402161,0.05782982334494591,0.03414766409744819,0.9962930083274841,0.0024599959142506123,3.8146971692576415e-10
0.4653468352490338,0.996976912021637,0.057675816118717194,0.0341658437003692,0.9962929487228394,0.0023354266304522753,3.8146971692576415e-10
0.4653468322421317,0.996976912021637,0.057769790291786194,0.03414505415906509,0.9962929487228394,0.002479566726833582,3.8146971692576415e-10
0.4653467542509339,0.996976912021637,0.057799793779850006,0.03423326071351766,0.9962930083274841,0.0023484104312956333,1.9073485846288207e-10
